Postcode,Location,Company Name,Phone,URL,Category
AL1,"120 London Rd, St Albans, AL1 1NX, United Kingdom",Alban Accounting Ltd,+44 7481 590398,https://albanaccountingltd.carrd.co/,Accounting firm
AL1,"65 London Rd, St Albans, AL1 1LJ, United Kingdom",Gilberts Chartered Accountants & Business Advisers,+44 1727 220880,https://gilberts.uk.com/,Accounting firm
AL1,"68 London Rd, St Albans, AL1 1NG, United Kingdom",Roy Pinnock & Co LLP,+44 1727 840361,https://www.pinnockco.co.uk/,Accounting firm
AL1,"Fountain Court, Victoria Square, St Albans AL1 3TF, United Kingdom",TaxAssist Accountants,+44 1727 899200,https://www.taxassist.co.uk/accountants/st-albans/?utm_source=google&utm_medium=google_my_business&utm_campaign=local,Accounting firm
AL1,"4 Victoria Square, St Albans, AL1 3TF, United Kingdom",Moore Kingston Smith LLP Accountants & Business Advisers,+44 20 4582 1000,https://mooreks.co.uk/,Accounting firm
AL1,"Herts, 72 London Rd, St Albans AL1 1NS, United Kingdom",Mercer & Hole - Chartered Accountants in St Albans,+44 1727 869141,https://www.mercerhole.co.uk/contact/chartered-accountants-in-st-albans/,Accounting firm
AL1,"2nd Floor, 4 Beaconsfield Rd, St Albans AL1 3RD, United Kingdom",Moore Kingston Smith LLP Accountants & Business Advisers,+44 20 4582 1000,https://mooreks.co.uk/,Accounting firm
AL1,"2 Victoria Square, Victoria St, St Albans AL1 3TF, United Kingdom",Connected Accounting Ltd,+44 1727 537160,http://www.connectedaccounting.co.uk/,Accounting firm
AL1,"45, 17 Holywell Hill, St Albans AL1 1DT, United Kingdom",NAS St Albans Accountants,+44 845 680 1817,http://www.nasaccountants.co.uk/,Accounting firm
AL1,"Faulkner House, Victoria St, St Albans AL1 3SE, United Kingdom",Chartered Accountants in St Albans - Rayner Essex LLP,+44 1727 833222,http://www.rayneressex.com/?utm_source=google&utm_medium=organic&utm_campaign=gmb_website_button&utm_content=st-albans-branch,Accounting firm
AL1,"17 Holywell Hill, St Albans, AL1 1DT, United Kingdom",Wrensfield Ltd,+44 330 020 0497,http://www.wrensfield.co.uk/,Accounting firm
AL1,"Office 16, Redfern House, 105 Ashley Rd, St Albans AL1 5DE, United Kingdom",Alam & Alam Accountants,+44 1727 223979,https://alamandalam.co.uk/,Accounting firm
AL1,"258 Hatfield Rd, St Albans, AL1 4UN, United Kingdom",Blackwater Accountants and Tax Advisers,+44 1727 851574,http://www.blackwateraccountants.co.uk/,Accounting firm
AL1,"First Floor, New Barnes Mill, Cottonmill Ln, St Albans AL1 2HA, United Kingdom","Town & Forest, Chartered Accountants & Statutory Auditors",+44 20 8438 9907,http://www.townandforest.co.uk/,Accounting firm
AL1,"Censeo House, 6 St Peter's St, St Albans AL1 3LF, United Kingdom",Vine Accounting & Tax Ltd,+44 1727 576029,http://vineaccountingandtax.co.uk/,Accounting firm
AL1,"Censeo House, 6 St Peter's St, St Albans AL1 3LF, United Kingdom",ProtiQ Accountants Ltd,+44 1582 797320,https://protiq.co.uk/,Accounting firm
AL1,"Churchill House, 26-30 Upper Marlborough Rd, St Albans AL1 3UU, United Kingdom",Grant Thornton UK LLP,+44 20 7383 5100,http://grantthornton.co.uk/,Accounting firm
AL1,"405 Hatfield Rd, St Albans, AL4 0XP, United Kingdom",Albans Accountants,+44 1727 238257,http://www.albansaccounting.co.uk/,Accounting firm
AL1,"2 Kings Rd, London Colney, St Albans AL2 1EN, United Kingdom",Fisher NG Chartered Accountants,+44 1727 767171,http://www.accountantsinstalbans.com/,Accounting firm
AL1,"2 Adelaide St, St Albans, AL3 5BH, United Kingdom",Visionary Accountants,+44 1727 730550,http://www.visionaryaccountants.co.uk/,Accounting firm
AL1,"17 Westmoreland Rd, London, NW9 9RL, United Kingdom",Nova Training College Limited,+44 20 3137 3127,http://www.novacollege.org.uk/,Accounting school
AL1,N/A,Public Accountants,+44 7572 593447,https://www.publicaccountants.co.uk/,Accounting school
AL1,"Bewise Point, 221-227, High Rd, Harrow HA3 5EE, United Kingdom",Learning Pro,+44 20 3581 6696,https://www.learningpro.co.uk/,Accounting school
AL1,"7 Havelock Pl, Harrow, HA1 1LJ, United Kingdom",Future Connect,+44 20 3790 8674,http://fctraining.org/,Accounting school
AL1,"Liberty house, 30 Whitchurch Ln, Edgware HA8 6LE, United Kingdom",Oxford School of Accountancy and Management,+44 20 8938 3940,N/A,Accounting school
AL1,"First Floor, 593 Hitchin Rd, Stopsley, Luton LU2 7UN, United Kingdom",First Intuition,+44 1582 733900,http://www.fi.co.uk/,Accounting school
AL1,"12-20 Camomile St, London, EC3A 7PT, United Kingdom",London School of Accountancy & Management,+44 20 7623 8777,N/A,Accounting school
AL1,"88-98 College Rd, Harrow, HA1 1BQ, United Kingdom",Professional Accountancy Tutors,+44 20 8795 0750,http://www.pat4success.co.uk/,Accounting school
AL1,"Pure Offices, Unit F6 Albany Chambers at, 26 Bridge Rd E, Welwyn Garden City AL7 1HL, United Kingdom",Accounting Tutorship,+44 20 3603 8958,http://www.accountingtutorship.co.uk/,Accounting school
AL1,"42-44 Clarendon Rd, Watford, WD17 1JJ, United Kingdom",Osborne Training - Watford,+44 20 3608 7179,https://www.osbornetraining.org/study-centres/watford/,Accounting school
AL1,"County House, Conway Mews, London W1T 6AA, United Kingdom",First Intuition,+44 20 7323 9636,https://www.firstintuition.co.uk/,Accounting school
AL1,"2, 8 Victoria Ave, London EC2M 4NS, United Kingdom",London College of Accountancy and Finance,+44 20 3206 1481,N/A,Accounting school
AL1,N/A,The Accountaholics,N/A,N/A,Accounting school
AL1,N/A,Rizwa Training,+44 20 3371 9904,N/A,Accounting school
AL1,"40, 44 Holloway Rd, London N7 8JL, United Kingdom",Kaplan,+44 161 259 7400,https://kaplan.co.uk/about/locations/london-islington?utm_campaign=&utm_source=google&utm_medium=local,Accounting school
AL1,"Bedfordshire, 4 Dunstable Rd, Luton LU1 1DX, United Kingdom",Fairfield School of Business (FSB) - Luton Study Centre,+44 1582 325516,http://www.fsb.ac.uk/,Accounting school
AL1,N/A,Harrow Learning Centre,+44 7557 005472,https://www.harrowlearningcenter.co.uk/,Accounting school
AL1,N/A,ICAEW,+44 7378 430378,N/A,Accounting school
AL1,"First Floor, 85 Great Portland St, London W1W 7LT, United Kingdom",London International Business School,+44 7400 660063,http://libs.online/,Accounting school
AL1,"Chartered Accountants Hall, 1 Moorgate Pl, London EC2R 6EA, United Kingdom",The Institute of Chartered Accountants in England and Wales (ICAEW),+44 1908 248250,https://www.icaew.com/,Accounting school
AL1,N/A,DemoCentre,+44 20 8123 8304,https://www.democentre.io/,Accounting Software Company
AL1,"2 Victoria Square, Victoria St, St Albans AL1 3TF, United Kingdom",Connected Accounting Ltd,+44 1727 537160,http://www.connectedaccounting.co.uk/,Accounting Software Company
AL1,"68 London Rd, St Albans, AL1 1NG, United Kingdom",Roy Pinnock & Co LLP,+44 1727 840361,https://www.pinnockco.co.uk/,Accounting Software Company
AL1,"4 The Lawns, Shenley, Radlett WD7 9EZ, United Kingdom",Whitegate Cloud Accounting,+44 7973 173231,http://www.whitegate.co.uk/,Accounting Software Company
AL1,"Suite 32, Winsor & Newton Building, Whitefriars Ave, Harrow, HA3 5RN, United Kingdom","Easy Accountax - White Label Accounting Software London, UK, Billing and Invoicing Software",+44 333 011 9372,N/A,Accounting Software Company
AL1,"unit 4, Imperial Place, Maxwell Rd, Borehamwood WD6 1JN, United Kingdom",Binmile | Software Development Company in UK,+44 20 3885 2846,http://binmile.com/,Accounting Software Company
AL1,"Rowlandson House, 289-293 Ballards Ln, London N12 8NP, United Kingdom",Vertisys Software,+44 20 8455 3000,http://vertisys.co.uk/,Accounting Software Company
AL1,"49 Westfields, St Albans, AL3 4LS, United Kingdom",Vision Software Solutions Ltd.,+44 1727 812420,https://www.vision-software.co.uk/,Accounting Software Company
AL1,"Unit 18, Wadsworth Business Centre, 21 Wadsworth Rd, Perivale, Greenford UB6 7LQ, United Kingdom",Clickentry Limited - Cloud Based Accounting Software,N/A,https://www.clickentry.co.uk/,Accounting Software Company
AL1,"3 Westlea Ave, Watford, WD25 9DH, United Kingdom",KanBir solutions,+44 20 3781 1418,https://www.kanbir.co.uk/,Accounting Software Company
AL1,"Suite LP52854, 20-22 Wenlock Road, London N1 7GU, United Kingdom",Memorli Business Solutions,+44 20 8440 0860,N/A,Accounting Software Company
AL1,"115 Chessfield Park, Little Chalfont, Amersham HP6 6RX, United Kingdom",Carys Computing,+44 7810 437236,N/A,Accounting Software Company
AL1,"Suite 22, Winsor & Newton Building, Whitefriars Ave, Harrow HA3 5RN, United Kingdom",Nomisma Solution,+44 20 3021 2326,http://www.nomismasolution.co.uk/,Accounting Software Company
AL1,"Maylands Building, Maylands Ave, Hemel Hempstead HP2 4NW, United Kingdom",Intact Software UK HQ,+44 1442 878879,https://www.intactsoftware.com/,Accounting Software Company
AL1,"Fountain Court, Victoria Square, St Albans AL1 3TF, United Kingdom",TaxAssist Accountants,+44 1727 899200,https://www.taxassist.co.uk/accountants/st-albans/?utm_source=google&utm_medium=google_my_business&utm_campaign=local,Accounting Software Company
AL1,"5 Hercules Way, Leavesden, Watford WD25 7GS, United Kingdom",Jelly Software,+44 1923 606450,http://www.jellysoftware.com/,Accounting Software Company
AL1,"2 Kings Rd, London Colney, St Albans AL2 1EN, United Kingdom",Fisher NG Chartered Accountants,+44 1727 767171,http://www.accountantsinstalbans.com/,Accounting Software Company
AL1,"499 Kingsbury Rd, London, NW9 9ED, United Kingdom",Xero,N/A,http://xero.com/,Accounting Software Company
AL1,"17 Holywell Hill, St Albans, AL1 1DT, United Kingdom",Wrensfield Ltd,+44 330 020 0497,http://www.wrensfield.co.uk/,Accounting Software Company
AL1,"Innovation House, 39 Mark Rd, Hemel Hempstead HP2 7DN, United Kingdom",KDO Software Ltd,+44 1477 571940,N/A,Accounting Software Company
AL10,"Suite 1, 56 Leman St, London, E1 8EU",Howlader & Co Chartered Accountants,020 7488 3614,https://howladerandco.com/,Accounting firm
AL10,"​Unit 101, First Floor ​Cervantes House, 5-9 Headstone Rd, Harrow, HA1 1PD",Makesworth Accountants,020 7993 8850,http://www.makesworth.co.uk/,Accounting firm
AL10,"159 High St, Hadley, Barnet, EN5 5SU",Joshua Leigh & Co Accountants Barnet,020 3333 7007,https://joshualeighandco.com/,Accounting firm
AL10,"69-71 Lambeth Walk, London, SE11 6DX",Naail & Co - Chartered Certified Accountants,020 3333 3000,https://www.naailandco.com/,Accounting firm
AL10,"Devonshire House, 582 Honeypot Ln, Stanmore, HA7 1JS",Clear House Accountants,020 7117 2639,https://chacc.co.uk/,Accounting firm
AL10,"11-13 Upton Ln, London, E7 9PA",Ultimate Accounting & Tax Solutions -London Office,020 8507 0617,http://www.ultimateaccountingsolutions.co.uk/,Accounting firm
AL10,"68 Dalling Rd, London, W6 0JA",Fortis Accountants,020 3302 2324,http://www.fortisaccountants.com/,Accounting firm
AL10,"172 Easterly Rd, Harehills, Leeds, LS8 3AD",The Accounting Company Leeds,0113 240 3227,https://www.theaccountingcompanyleeds.co.uk/,Accounting firm
AL10,"111a Burnt Oak Broadway, Burnt Oak, Edgware, HA8 5EN",Avant & Co Accountants,020 8951 5713,http://www.avantaccountants.co.uk/,Accounting firm
AL10,"Office 2, Bennet’s, 21 Leyton Rd, Harpenden AL5 2HU",FD Chartered Accountants and Business Advisers,07428 114665,http://www.fdca.co.uk/,Accounting firm
AL10,"848 Chester Rd, Birmingham, B24 0EH",ASPIRE UK TAX ACCOUNTANTS,07931 405535,http://aspireukadvisers.co.uk/,Accounting firm
AL10,"Heritage House, 34B N Cray Rd, Bexley, DA5 3LZ",Adams Accountancy,01322 250001,https://www.adams-accountancy.co.uk/?utm_source=GMB&utm_medium=Organic&utm_campaign=website+promotion,Accounting firm
AL10,"102 Mile End Rd, Stepney Green, London, E1 4UN",Elite Accountancy,020 7790 1826,http://www.elite-accountancy.com/,Accounting firm
AL10,"Suite 2i, Argyle House, Joel St, Northwood HA6 1NW",Brampton Accounting,020 3916 0117,https://bramptonaccounting.co.uk/,Accounting firm
AL10,"10 Daventer Dr, Stanmore, HA7 3TJ",CoreAdviz Accountants,0330 133 1114,https://www.coreadviz.co.uk/,Accounting firm
AL10,N/A,Williams & Co. Accountants,N/A,https://williams-accountants.uk/,Accounting firm
AL10,"Holyrood Cl, Poole, BH17 7FJ",The Friendly Accountants,01202 048696,http://www.thefriendlyaccountants.co.uk/,Accounting firm
AL10,"4 Imperial Place, Maxwell Rd, Borehamwood, WD6 1JN",K M B & Associates Chartered Certified Accountants,020 3911 3522,https://www.kmb.accountants/,Accounting firm
AL10,"Maidstone House, The Business Terrace, King St, Maidstone ME15 6AW",Jameco Group Limited,01795 675683,http://www.jamecogroup.com/,Accounting firm
AL10,"61A Southbury Rd, Enfield, EN1 1PJ",Prime Accountancy Services - Certified Chartered Accountants in Enfield,020 8075 1999,http://www.primeas.co.uk/,Accounting firm
AL10,"Pure Offices, Unit F6 Albany Chambers at, 26 Bridge Rd E, Welwyn Garden City AL7 1HL, United Kingdom",Accounting Tutorship,+44 20 3603 8958,http://www.accountingtutorship.co.uk/,Accounting school
AL10,"First Floor, 593 Hitchin Rd, Stopsley, Luton LU2 7UN, United Kingdom",First Intuition,+44 1582 733900,http://www.fi.co.uk/,Accounting school
AL10,"Liberty house, 30 Whitchurch Ln, Edgware HA8 6LE, United Kingdom",Oxford School of Accountancy and Management,+44 20 8938 3940,N/A,Accounting school
AL10,"Bewise Point, 221-227, High Rd, Harrow HA3 5EE, United Kingdom",Learning Pro,+44 20 3581 6696,https://www.learningpro.co.uk/,Accounting school
AL10,"42-44 Clarendon Rd, Watford, WD17 1JJ, United Kingdom",Osborne Training - Watford,+44 20 3608 7179,https://www.osbornetraining.org/study-centres/watford/,Accounting school
AL10,"North London Business Park Building 6, Oakleigh Rd S, London N11 1GN, United Kingdom",CAW Business School - London,+44 1480 422060,https://business.caw.ac.uk/,Accounting school
AL10,"Bush House, 30 Aldwych, London WC2B 4BG, United Kingdom",King's Business School,+44 20 7848 3770,http://www.kcl.ac.uk/business,Accounting school
AL10,N/A,Public Accountants,+44 7572 593447,https://www.publicaccountants.co.uk/,Accounting school
AL10,"187A Hertford Rd, London, N9 7EP, United Kingdom",Mj Kabir & Co Ltd,+44 20 8805 0927,http://www.kabirandcoaccountants.co.uk/,Accounting school
AL10,"3rd Floor Suite, James Taylor House, 6 St Albans Rd E, Hatfield AL10 0HE, United Kingdom",AOGpsc Ltd,+44 1707 623944,N/A,Accounting Software Company
AL10,N/A,Keina Co,+44 7935 376837,http://www.keinaco.com/,Accounting Software Company
AL10,"Chapel Mill, 29 Tamworth Rd, Hertford SG13 7DD, United Kingdom",Solar Accounts,+44 20 8099 8072,https://www.solaraccounts.co.uk/,Accounting Software Company
AL10,"Rowlandson House, 289-293 Ballards Ln, London N12 8NP, United Kingdom",Vertisys Software,+44 20 8455 3000,http://vertisys.co.uk/,Accounting Software Company
AL10,"unit 4, Imperial Place, Maxwell Rd, Borehamwood WD6 1JN, United Kingdom",Binmile | Software Development Company in UK,+44 20 3885 2846,http://binmile.com/,Accounting Software Company
AL10,"Suite 32, Winsor & Newton Building, Whitefriars Ave, Harrow, HA3 5RN, United Kingdom","Easy Accountax - White Label Accounting Software London, UK, Billing and Invoicing Software",+44 333 011 9372,N/A,Accounting Software Company
AL10,"Tech Nation, 20-22 Wenlock Rd, London N1 7GU, United Kingdom",Business accounting software,N/A,N/A,Accounting Software Company
AL10,"124 City Rd, London, EC1V 2NX, United Kingdom",Chaser Technologies Limited,+44 20 8157 2115,https://chaserhq.com/,Accounting Software Company
AL10,"Maylands Building, Maylands Ave, Hemel Hempstead HP2 4NW, United Kingdom",Intact Software UK HQ,+44 1442 878879,https://www.intactsoftware.com/,Accounting Software Company
AL10,"582 Honeypot Ln, Stanmore, HA7 1JS, United Kingdom",Caax Limited - Accounts Payable Software,+44 20 8238 5550,http://www.caax.co.uk/,Accounting Software Company
AL10,"405 Hatfield Rd, St Albans, AL4 0XP, United Kingdom",Albans Accountants,+44 1727 238257,http://www.albansaccounting.co.uk/,Accounting Software Company
AL10,"2 Victoria Square, Victoria St, St Albans AL1 3TF, United Kingdom",Connected Accounting Ltd,+44 1727 537160,http://www.connectedaccounting.co.uk/,Accounting Software Company
AL10,"4 The Lawns, Shenley, Radlett WD7 9EZ, United Kingdom",Whitegate Cloud Accounting,+44 7973 173231,http://www.whitegate.co.uk/,Accounting Software Company
AL10,"40 Beaulieu Dr, Pinner, HA5 1NG, United Kingdom",Stone & Associates,+44 20 8866 8631,N/A,Accounting Software Company
AL10,"3 Westlea Ave, Watford, WD25 9DH, United Kingdom",KanBir solutions,+44 20 3781 1418,https://www.kanbir.co.uk/,Accounting Software Company
AL10,"Gable House, 18-24 Turnham Green Terrace, Chiswick, London W4 1QP, United Kingdom",VT Software Ltd,+44 20 8995 1142,http://www.vtsoftware.co.uk/,Accounting Software Company
AL10,"Suite LP52854, 20-22 Wenlock Road, London N1 7GU, United Kingdom",Memorli Business Solutions,+44 20 8440 0860,N/A,Accounting Software Company
AL10,"3 Waterhouse Sq, London, EC1N 2SW, United Kingdom",Ember,+44 330 818 0607,https://ember.co/,Accounting Software Company
AL10,"Ferrari Dewe & Co, 258 Field End Rd, Ruislip HA4 9UU, United Kingdom",Digitaccs,+44 20 3367 1108,http://www.digitaccs.co.uk/,Accounting Software Company
AL10,"741 Green Lanes, London, N21 3RX, United Kingdom",Net Insight,+44 20 3581 1604,N/A,Accounting Software Company
